#{"t_start": 1667296940.3373318, "env_id": "MiniHack-Quest-Hard-v0"}
r,l,t
-3.08,230,0.178066
-2.18,128,0.242031
-2.21,137,0.310613
-3.4,271,0.430109
-5.32,461,0.858066
-3.7,308,1.019113
-1.85,96,1.071917
-9.34,934,1.615555
-2.1,123,1.872262
-1.51,59,1.986091
-3.35,255,2.300318
-5.0,436,2.759322
